id;created_by;created_date;last_modified_by;last_modified_date;contact;deleted;libelle;mail;userid
1;admin;2020-04-24 23:55:03.237;admin;2020-04-24 23:55:03.237;25679800;f;PRM;admin@gmail.com;3
2;admin;2020-04-24 23:55:03.237;admin;2020-04-24 23:55:03.237;25679800;f;DG-CMEF;admin@gmail.com;3
3;admin;2020-04-24 23:55:03.237;admin;2020-04-24 23:55:03.237;25679800;f;CAM;admin@gmail.com;3
4;admin;2020-04-24 23:55:03.237;admin;2020-04-24 23:55:03.237;25679800;f;PRESIDENT-CAM;admin@gmail.com;3
5;admin;2020-04-24 23:55:03.237;admin;2020-04-24 23:55:03.237;25679800;f;SCT;admin@gmail.com;3
6;admin;2020-04-24 23:55:03.237;admin;2020-04-24 23:55:03.237;25679800;f;AUTORITE COMPETENTE;admin@gmail.com;3
7;admin;2020-04-24 23:55:03.237;admin;2020-04-24 23:55:03.237;25679800;f;CANDIDATS-SOUMISSINNAIRES;admin@gmail.com;3
8;admin;2020-04-24 23:55:03.237;admin;2020-04-24 23:55:03.237;25679800;f;ORD;admin@gmail.com;3
9;admin;2020-04-24 23:55:03.237;admin;2020-04-24 23:55:03.237;25679800;f;PRM-SOUMISSIONNAIRES;admin@gmail.com;3
10;admin;2020-04-24 23:55:03.237;admin;2020-04-24 23:55:03.237;25679800;f;DGCOOP;admin@gmail.com;3
11;admin;2020-04-24 23:55:03.237;admin;2020-04-24 23:55:03.237;25679800;f;ORDONNATEUR DU BUDGET;admin@gmail.com;3
12;admin;2020-04-24 23:55:03.237;admin;2020-04-24 23:55:03.237;25679800;f;GESTIONNAIRE DES CREDITS;admin@gmail.com;3
13;admin;2020-04-24 23:55:03.237;admin;2020-04-24 23:55:03.237;25679800;f;AUTORITE Dâ€™APPROBATION;admin@gmail.com;3
14;admin;2020-04-24 23:55:03.237;admin;2020-04-24 23:55:03.237;25679800;f;TITULAIRE;admin@gmail.com;3
15;admin;2020-04-24 23:55:03.237;admin;2020-04-24 23:55:03.237;25679800;f;AUTORITE COMPETENTE;admin@gmail.com;3
16;admin;2020-04-24 23:55:03.237;admin;2020-04-24 23:55:03.237;25679800;f;CANDIDATS/SOUMISSIONNAIRE/PRM;admin@gmail.com;3
17;admin;2020-04-24 23:55:03.237;admin;2020-04-24 23:55:03.237;25679800;f;CANDIDATS/SOUMISSIONNAIRE;admin@gmail.com;3
18;admin;2020-04-24 23:55:03.237;admin;2020-04-24 23:55:03.237;25679800;f;PRM/SOUMISSIONNAIRE;admin@gmail.com;3
19;admin;2020-04-24 23:55:03.237;admin;2020-04-24 23:55:03.237;25679800;f;TITULAIRE GESTIONNAIRE DES CREDITS;admin@gmail.com;3
20;admin;2020-04-24 23:55:03.237;admin;2020-04-24 23:55:03.237;25679800;f;DC-CMEF;admin@gmail.com;3
21;admin;2020-04-24 23:55:03.237;admin;2020-04-24 23:55:03.237;25679800;f;TITULAIRE GESTIONNAIRE DES CREDITS/DG-CMEF;admin@gmail.com;3