id;created_by;created_date;last_modified_by;last_modified_date;code;deleted;libelle
1801;admin;2021-05-31 16:00:34.99468;admin;2021-05-31 16:29:25.013677;xsijbdhugvy;t;tata
2201;admin;2021-05-31 20:35:52.16522;admin;2021-05-31 20:37:59.59275;lkjhuigyft;t;m,klnjbh
1802;admin;2021-05-31 16:30:03.715586;admin;2021-05-31 20:38:03.421295;okiuy;t;onkjihug 
2051;admin;2021-05-31 18:32:47.25337;admin;2021-05-31 20:38:07.609998;hgf;t;jbhv
2202;admin;2021-05-31 21:01:29.373505;admin;2021-05-31 21:01:37.946581;hugy;t;kbjhg
2203;admin;2021-05-31 21:03:15.654149;admin;2021-05-31 21:03:42.138304;lkhjg;t;ljk
2204;admin;2021-05-31 21:03:33.766422;admin;2021-05-31 21:03:45.824711;jhbvu;t;gcvbn,
1154;admin;2020-09-02 12:28:15.013637;admin;2021-06-01 11:46:57.675698;TVX;f;Travaux
1151;admin;2020-09-02 12:28:14.806547;admin;2021-06-01 11:49:31.493323;SC;f;Services Courants
1152;admin;2020-09-02 12:28:14.953508;admin;2021-06-01 11:51:32.44147;PI;f;Prestations intellectuelles
1153;admin;2020-09-02 12:28:14.993594;admin;2021-06-01 11:56:13.348518;F;f;Fournitures et Equipements
